"customer_firstname,customer_lastname,email,passwd,phone_mobile"
"aptest,test,aptest@test.com,123456789,123456789"






































































































































































































































































































































































































































































































































































































































































































































































































































































































































































      </hashTree>
    </hashTree>
  </hashTree>
</jmeterTestPlan>
